title,content,customer_name,customer_email,rating,source
App crashes on startup,The app crashes every time I try to open it on my iPhone 15. I have reinstalled it twice and the problem persists. This is really frustrating since I need it for work.,Sarah Johnson,sarah.j@email.com,1,app_review
Love the new dashboard,The new dashboard design is amazing! Everything is so easy to find and the charts look great. Really love the color scheme too.,Mike Chen,mike.chen@email.com,5,app_review
Need dark mode,It would be great if you could add a dark mode option. I work late at night and the bright white background hurts my eyes. Please consider adding this feature.,Emily Davis,emily.d@email.com,3,app_review
Slow loading times,Pages take forever to load especially the reports section. Sometimes it takes over 10 seconds just to see my data. This needs to be optimized for better performance.,John Smith,john.smith@email.com,2,support_ticket
Feature request: export to PDF,I would like to be able to export my reports to PDF format. Currently I can only export to CSV which is not ideal for sharing with stakeholders. This feature would be incredibly helpful.,Lisa Park,lisa.park@email.com,3,app_review
Great customer support,Your support team is fantastic! They helped me resolve my billing issue in under 5 minutes. Really appreciate the quick and friendly service.,Tom Wilson,tom.w@email.com,5,support_ticket
Wrong data in charts,The pie chart on the overview page is showing incorrect numbers. The total adds up to more than 100% and some categories are missing. This seems like a bug in the calculation logic.,Anna Lee,anna.lee@email.com,2,app_review
Wish there was a mobile app,I love using the web version but I really wish there was a native mobile app. It would be so much more convenient to check my data on the go. Can you please develop one?,David Kim,david.kim@email.com,3,survey
Battery drain issue,This app is draining my battery like crazy. My phone goes from 100% to 50% in just 2 hours of using it. Never had this problem with other similar apps. Please fix this performance issue.,Rachel Green,rachel.g@email.com,1,app_review
Excellent onboarding experience,The onboarding flow is really well designed. I was able to set up my account and understand all the features in less than 10 minutes. The tooltips and guided tour are a nice touch!,Chris Brown,chris.b@email.com,5,survey